聚类类别,聚类个数,ZSL,ZSR,ZSF,ZSM,ZSC
客户群1,24658,-0.7002063662252296,-0.414888271815629,-0.16114257561490536,-0.16095750887796226,-0.25513153848185455
客户群2,15740,1.1606169731850953,-0.377307621944262,-0.08684425433906642,-0.09476645616725585,-0.1560924228215808
客户群3,12124,-0.3136792676933857,1.6862584650428016,-0.5740159927137234,-0.5368201864438774,-0.1733261040116445
客户群4,5336,0.4833290325937604,-0.7993832595691638,2.4832016048074954,2.4247239085022585,0.30863002713761484
客户群5,4186,0.05255889707923676,-0.0025226274698365277,-0.22701478490475305,-0.2314798690394946,2.1909328717926666
